timestamp	artist	track	music_brainz_id	url
2026-02-11T18:20:33	The Beach Boys	God Only Knows - mono	c994a0b7-653a-4e1d-885d-5d66dc7d4df6	https://www.last.fm/music/The+Beach+Boys/_/God+Only+Knows+-+mono
2026-02-11T18:16:53	Limp Bizkit	Take a Look Around	102387b8-0568-4d77-8994-7533014063f2	https://www.last.fm/music/Limp+Bizkit/_/Take+a+Look+Around
2026-02-11T18:11:49	Limp Bizkit	Take a Look Around	102387b8-0568-4d77-8994-7533014063f2	https://www.last.fm/music/Limp+Bizkit/_/Take+a+Look+Around
2026-02-11T18:27:41	Limp Bizkit	My Way	3ef95ae8-6a84-4cb3-a1db-dedd22ace843	https://www.last.fm/music/Limp+Bizkit/_/My+Way
2026-02-11T18:24:12	Limp Bizkit	Break Stuff	4ff7e797-173f-40dc-bc79-286cf9e7f5d4	https://www.last.fm/music/Limp+Bizkit/_/Break+Stuff
2026-02-11T18:20:33	The Beach Boys	God Only Knows - mono	c994a0b7-653a-4e1d-885d-5d66dc7d4df6	https://www.last.fm/music/The+Beach+Boys/_/God+Only+Knows+-+mono
2026-02-11T18:16:53	Limp Bizkit	Take a Look Around	102387b8-0568-4d77-8994-7533014063f2	https://www.last.fm/music/Limp+Bizkit/_/Take+a+Look+Around
2026-02-11T18:27:41	Limp Bizkit	My Way	3ef95ae8-6a84-4cb3-a1db-dedd22ace843	https://www.last.fm/music/Limp+Bizkit/_/My+Way
2026-02-11T18:24:12	Limp Bizkit	Break Stuff	4ff7e797-173f-40dc-bc79-286cf9e7f5d4	https://www.last.fm/music/Limp+Bizkit/_/Break+Stuff
2026-02-11T18:20:33	The Beach Boys	God Only Knows - mono	c994a0b7-653a-4e1d-885d-5d66dc7d4df6	https://www.last.fm/music/The+Beach+Boys/_/God+Only+Knows+-+mono
2026-02-11T18:27:41	Limp Bizkit	My Way	3ef95ae8-6a84-4cb3-a1db-dedd22ace843	https://www.last.fm/music/Limp+Bizkit/_/My+Way
2026-02-11T18:24:12	Limp Bizkit	Break Stuff	4ff7e797-173f-40dc-bc79-286cf9e7f5d4	https://www.last.fm/music/Limp+Bizkit/_/Break+Stuff
2026-02-11T18:42:06	Dan the Automator	Stroker Ace		https://www.last.fm/music/Dan+the+Automator/_/Stroker+Ace
2026-02-11T18:27:41	Limp Bizkit	My Way	3ef95ae8-6a84-4cb3-a1db-dedd22ace843	https://www.last.fm/music/Limp+Bizkit/_/My+Way
2026-02-11T18:42:06	Dan the Automator	Stroker Ace		https://www.last.fm/music/Dan+the+Automator/_/Stroker+Ace
2026-02-11T18:49:22	The Juju Orchestra	Kind Of Latin Rhythm	07ee51af-4320-3873-b92d-8841c4d9f7c0	https://www.last.fm/music/The+Juju+Orchestra/_/Kind+Of+Latin+Rhythm
2026-02-11T19:14:16	Can	Vitamin C	6a882e6c-c944-4347-8e29-163d238413aa	https://www.last.fm/music/Can/_/Vitamin+C
2026-02-11T19:28:02	Sleaford Mods	Force 10 From Navarone	eedb6f2a-1b24-440c-97cf-9cf8a22fff67	https://www.last.fm/music/Sleaford+Mods/_/Force+10+From+Navarone
2026-02-11T19:22:49	Sleaford Mods	Force 10 From Navarone	eedb6f2a-1b24-440c-97cf-9cf8a22fff67	https://www.last.fm/music/Sleaford+Mods/_/Force+10+From+Navarone
2026-02-11T19:17:51	Butthole Surfers	Pepper	1600925c-db3f-4244-8359-7a542ad8363c	https://www.last.fm/music/Butthole+Surfers/_/Pepper
2026-02-11T19:31:26	Baxter Dury	Aylesbury Boy		https://www.last.fm/music/Baxter+Dury/_/Aylesbury+Boy
2026-02-11T19:28:02	Sleaford Mods	Force 10 From Navarone	eedb6f2a-1b24-440c-97cf-9cf8a22fff67	https://www.last.fm/music/Sleaford+Mods/_/Force+10+From+Navarone
2026-02-11T19:22:49	Sleaford Mods	Force 10 From Navarone	eedb6f2a-1b24-440c-97cf-9cf8a22fff67	https://www.last.fm/music/Sleaford+Mods/_/Force+10+From+Navarone
2026-02-11T19:59:51	The Streets	Who Dares Wins	2c5a25ad-7a6d-424a-8f30-770adc48e563	https://www.last.fm/music/The+Streets/_/Who+Dares+Wins
2026-02-11T19:56:49	The Streets	Too Much Brandy	564e30ec-a3ed-495d-90e8-511e32d4f3f3	https://www.last.fm/music/The+Streets/_/Too+Much+Brandy
2026-02-11T19:53:33	The Streets	Turn the Page	c31dc1b9-b5f9-411a-b00a-90dedea2d07c	https://www.last.fm/music/The+Streets/_/Turn+the+Page
2026-02-11T19:50:28	The Streets	Fit But You Know It	0a1c0f7b-e2e4-3a60-a517-75636e0a7f41	https://www.last.fm/music/The+Streets/_/Fit+But+You+Know+It
2026-02-11T19:31:26	Baxter Dury	Aylesbury Boy		https://www.last.fm/music/Baxter+Dury/_/Aylesbury+Boy
2026-02-11T20:00:25	The Streets	Don't Mug Yourself	1ad3d9a9-27ec-3b97-9611-611b9d9f750e	https://www.last.fm/music/The+Streets/_/Don%27t+Mug+Yourself
2026-02-11T19:59:51	The Streets	Who Dares Wins	2c5a25ad-7a6d-424a-8f30-770adc48e563	https://www.last.fm/music/The+Streets/_/Who+Dares+Wins
2026-02-11T19:56:49	The Streets	Too Much Brandy	564e30ec-a3ed-495d-90e8-511e32d4f3f3	https://www.last.fm/music/The+Streets/_/Too+Much+Brandy
2026-02-11T19:53:33	The Streets	Turn the Page	c31dc1b9-b5f9-411a-b00a-90dedea2d07c	https://www.last.fm/music/The+Streets/_/Turn+the+Page
2026-02-11T19:50:28	The Streets	Fit But You Know It	0a1c0f7b-e2e4-3a60-a517-75636e0a7f41	https://www.last.fm/music/The+Streets/_/Fit+But+You+Know+It
2026-02-11T20:39:20	Bliss n Eso	Next Frontier	18115f24-b1ae-4f1b-8a38-bac5e3401db5	https://www.last.fm/music/Bliss+n+Eso/_/Next+Frontier
2026-02-11T20:35:32	Bliss n Eso	Been Through Hell		https://www.last.fm/music/Bliss+n+Eso/_/Been+Through+Hell
2026-02-11T20:32:02	Watsky	Tear The Roof Off		https://www.last.fm/music/Watsky/_/Tear+The+Roof+Off
2026-02-11T20:00:25	The Streets	Don't Mug Yourself	1ad3d9a9-27ec-3b97-9611-611b9d9f750e	https://www.last.fm/music/The+Streets/_/Don%27t+Mug+Yourself
2026-02-11T19:59:51	The Streets	Who Dares Wins	2c5a25ad-7a6d-424a-8f30-770adc48e563	https://www.last.fm/music/The+Streets/_/Who+Dares+Wins
2026-02-11T20:39:20	Bliss n Eso	Next Frontier	18115f24-b1ae-4f1b-8a38-bac5e3401db5	https://www.last.fm/music/Bliss+n+Eso/_/Next+Frontier
2026-02-11T20:35:32	Bliss n Eso	Been Through Hell		https://www.last.fm/music/Bliss+n+Eso/_/Been+Through+Hell
2026-02-11T20:32:02	Watsky	Tear The Roof Off		https://www.last.fm/music/Watsky/_/Tear+The+Roof+Off
2026-02-11T20:00:25	The Streets	Don't Mug Yourself	1ad3d9a9-27ec-3b97-9611-611b9d9f750e	https://www.last.fm/music/The+Streets/_/Don%27t+Mug+Yourself
2026-02-11T20:39:20	Bliss n Eso	Next Frontier	18115f24-b1ae-4f1b-8a38-bac5e3401db5	https://www.last.fm/music/Bliss+n+Eso/_/Next+Frontier
2026-02-11T20:35:32	Bliss n Eso	Been Through Hell		https://www.last.fm/music/Bliss+n+Eso/_/Been+Through+Hell
2026-02-11T20:32:02	Watsky	Tear The Roof Off		https://www.last.fm/music/Watsky/_/Tear+The+Roof+Off
2026-02-11T20:39:20	Bliss n Eso	Next Frontier	18115f24-b1ae-4f1b-8a38-bac5e3401db5	https://www.last.fm/music/Bliss+n+Eso/_/Next+Frontier
2026-02-11T20:35:32	Bliss n Eso	Been Through Hell		https://www.last.fm/music/Bliss+n+Eso/_/Been+Through+Hell
2026-02-11T21:55:37	Massive Attack	Paradise Circus	357c982c-9f41-44c5-87aa-50272a05d8cf	https://www.last.fm/music/Massive+Attack/_/Paradise+Circus
2026-02-11T20:39:20	Bliss n Eso	Next Frontier	18115f24-b1ae-4f1b-8a38-bac5e3401db5	https://www.last.fm/music/Bliss+n+Eso/_/Next+Frontier
2026-02-11T21:55:37	Massive Attack	Paradise Circus	357c982c-9f41-44c5-87aa-50272a05d8cf	https://www.last.fm/music/Massive+Attack/_/Paradise+Circus
